{
    "ret": 1.0112461433383662,
    "mtx": [
        [
            502.55817352229724,
            0.0,
            319.420371573871
        ],
        [
            0.0,
            671.9599654184641,
            210.00465883438739
        ],
        [
            0.0,
            0.0,
            1.0
        ]
    ],
    "dist": [
        [
            -0.43206850154745574,
            0.3817422144025507,
            -0.0013360081543647977,
            0.0032569281014838726,
            -0.4640562317163463
        ]
    ]
}